date_of_purchase,order_id,payment_method_id,shipment_method_id,order_amount
2017-01-01 20:00:00 -0500,100000,2,2,462.24
2017-01-02 21:00:00 -0500,100001,4,3,242.65
2017-01-02 07:00:00 -0500,100002,1,3,68.95
2017-01-02 07:00:00 -0500,100003,1,1,48.57
2017-01-03 11:00:00 -0500,100004,3,1,203.67
2017-01-03 05:00:00 -0500,100005,5,2,375.98
2017-01-02 07:00:00 -0500,100006,4,1,67.46
2017-01-01 14:00:00 -0500,100007,4,1,180.83
2017-01-01 19:00:00 -0500,100008,3,3,171.51
2017-01-02 19:00:00 -0500,100009,2,1,88.77
2017-01-03 06:00:00 -0500,100010,5,2,363.34
2017-01-01 18:00:00 -0500,100011,3,1,182.48
2017-01-03 13:00:00 -0500,100012,5,2,472.07
2017-01-02 15:00:00 -0500,100013,1,1,394.70
2017-01-01 17:00:00 -0500,100014,4,2,300.84
2017-01-02 12:00:00 -0500,100015,2,2,287.23
2017-01-02 17:00:00 -0500,100016,1,3,461.78
2017-01-02 18:00:00 -0500,100017,3,1,291.58
2017-01-02 09:00:00 -0500,100018,2,1,240.61
2017-01-03 02:00:00 -0500,100019,3,1,18.73
2017-01-02 15:00:00 -0500,100020,3,1,308.21
2017-01-02 02:00:00 -0500,100021,4,1,209.61
2017-01-02 13:00:00 -0500,100022,1,2,83.80
2017-01-02 15:00:00 -0500,100023,3,1,374.21
2017-01-02 00:00:00 -0500,100024,1,2,460.68
2017-01-01 15:00:00 -0500,100025,1,2,236.63
2017-01-02 15:00:00 -0500,100026,4,2,395.92
2017-01-03 11:00:00 -0500,100027,2,2,234.86
2017-01-03 00:00:00 -0500,100028,1,1,110.96
2017-01-02 23:00:00 -0500,100029,5,2,276.89
2017-01-02 17:00:00 -0500,100030,4,3,29.08
2017-01-03 11:00:00 -0500,100031,2,1,110.15
2017-01-02 13:00:00 -0500,100032,2,2,487.18
2017-01-02 05:00:00 -0500,100033,1,2,243.40
2017-01-03 01:00:00 -0500,100034,4,1,67.08
2017-01-01 23:00:00 -0500,100035,4,2,426.84
2017-01-03 06:00:00 -0500,100036,5,1,440.01
2017-01-03 11:00:00 -0500,100037,2,2,221.19
2017-01-03 02:00:00 -0500,100038,1,3,227.51
2017-01-01 21:00:00 -0500,100039,3,1,110.12
2017-01-02 09:00:00 -0500,100040,4,3,269.31
2017-01-02 18:00:00 -0500,100041,3,1,356.42
2017-01-03 00:00:00 -0500,100042,3,3,377.04
2017-01-02 08:00:00 -0500,100043,2,2,121.23
2017-01-02 01:00:00 -0500,100044,1,1,177.77
2017-01-01 20:00:00 -0500,100045,4,2,357.92
2017-01-02 11:00:00 -0500,100046,3,3,328.44
2017-01-02 12:00:00 -0500,100047,3,2,254.82
2017-01-02 10:00:00 -0500,100048,1,1,377.54
2017-01-02 23:00:00 -0500,100049,1,2,465.76
2017-01-02 18:00:00 -0500,100050,4,1,150.48
2017-01-03 11:00:00 -0500,100051,5,3,199.57
2017-01-01 22:00:00 -0500,100052,5,2,113.09
2017-01-02 03:00:00 -0500,100053,2,2,60.96
2017-01-02 02:00:00 -0500,100054,3,2,461.99
2017-01-02 10:00:00 -0500,100055,3,3,159.05
2017-01-03 12:00:00 -0500,100056,1,2,467.83
2017-01-03 05:00:00 -0500,100057,1,3,335.56
2017-01-02 15:00:00 -0500,100058,3,2,42.63
2017-01-02 08:00:00 -0500,100059,1,3,389.14
2017-01-03 13:00:00 -0500,100060,1,2,264.58
2017-01-02 14:00:00 -0500,100061,5,3,347.47
2017-01-02 23:00:00 -0500,100062,5,1,287.78
2017-01-02 13:00:00 -0500,100063,1,1,306.87
2017-01-02 19:00:00 -0500,100064,3,2,134.40
2017-01-01 16:00:00 -0500,100065,3,1,385.51
2017-01-02 21:00:00 -0500,100066,5,1,300.34
2017-01-02 07:00:00 -0500,100067,3,2,34.10
2017-01-03 02:00:00 -0500,100068,4,1,385.38
2017-01-03 13:00:00 -0500,100069,2,2,298.04
2017-01-02 04:00:00 -0500,100070,3,1,271.32
2017-01-02 16:00:00 -0500,100071,2,1,131.61
2017-01-03 04:00:00 -0500,100072,4,2,31.27
2017-01-03 07:00:00 -0500,100073,4,2,326.48
2017-01-02 20:00:00 -0500,100074,2,1,434.72
2017-01-03 14:00:00 -0500,100075,3,1,110.35
2017-01-03 05:00:00 -0500,100076,1,2,198.56
2017-01-02 18:00:00 -0500,100077,3,1,38.57
2017-01-03 00:00:00 -0500,100078,5,1,343.14
2017-01-02 17:00:00 -0500,100079,5,3,465.74
2017-01-01 20:00:00 -0500,100080,3,1,282.42
2017-01-01 22:00:00 -0500,100081,3,1,87.28
2017-01-02 10:00:00 -0500,100082,1,2,415.47
2017-01-02 10:00:00 -0500,100083,1,2,81.91
2017-01-03 03:00:00 -0500,100084,1,2,166.42
2017-01-01 17:00:00 -0500,100085,3,2,86.49
2017-01-02 13:00:00 -0500,100086,1,3,444.46
2017-01-03 11:00:00 -0500,100087,5,3,120.98
2017-01-02 05:00:00 -0500,100088,3,1,420.92
2017-01-01 22:00:00 -0500,100089,5,3,310.77
2017-01-01 23:00:00 -0500,100090,2,1,422.37
2017-01-01 16:00:00 -0500,100091,2,3,27.07
2017-01-03 09:00:00 -0500,100092,3,2,394.99
2017-01-01 19:00:00 -0500,100093,5,2,222.33
2017-01-01 20:00:00 -0500,100094,4,3,210.54
2017-01-03 05:00:00 -0500,100095,3,1,106.42
2017-01-02 00:00:00 -0500,100096,4,1,87.32
2017-01-03 14:00:00 -0500,100097,4,1,156.78
2017-01-01 21:00:00 -0500,100098,2,2,403.38
2017-01-02 07:00:00 -0500,100099,4,1,200.65
2017-01-02 20:00:00 -0500,100100,4,3,344.82
2017-01-03 14:00:00 -0500,100101,5,1,382.45
2017-01-02 10:00:00 -0500,100102,5,1,27.76
2017-01-03 04:00:00 -0500,100103,5,2,35.90
2017-01-02 00:00:00 -0500,100104,1,2,464.42
2017-01-03 13:00:00 -0500,100105,2,1,78.47
2017-01-02 18:00:00 -0500,100106,4,2,440.15
2017-01-01 22:00:00 -0500,100107,2,3,307.51
2017-01-02 17:00:00 -0500,100108,2,1,91.00
2017-01-03 00:00:00 -0500,100109,5,1,396.66
2017-01-02 18:00:00 -0500,100110,3,3,333.50
2017-01-02 23:00:00 -0500,100111,4,1,379.10
2017-01-02 04:00:00 -0500,100112,4,1,95.16
2017-01-01 22:00:00 -0500,100113,2,1,348.01
2017-01-02 08:00:00 -0500,100114,3,3,332.62
2017-01-02 01:00:00 -0500,100115,5,3,255.05
2017-01-02 07:00:00 -0500,100116,5,3,28.75
2017-01-02 14:00:00 -0500,100117,5,3,84.51
2017-01-03 11:00:00 -0500,100118,1,1,116.64
2017-01-02 05:00:00 -0500,100119,3,1,278.25
2017-01-02 02:00:00 -0500,100120,5,3,33.01
2017-01-03 02:00:00 -0500,100121,2,2,375.07
2017-01-03 14:00:00 -0500,100122,4,2,433.96
2017-01-01 20:00:00 -0500,100123,2,1,499.26
2017-01-02 07:00:00 -0500,100124,5,3,438.64
2017-01-01 20:00:00 -0500,100125,3,1,104.98
2017-01-02 06:00:00 -0500,100126,2,3,154.38
2017-01-02 20:00:00 -0500,100127,3,1,195.80
2017-01-01 19:00:00 -0500,100128,2,3,184.24
2017-01-03 11:00:00 -0500,100129,5,3,190.22
2017-01-03 03:00:00 -0500,100130,5,2,228.09
2017-01-03 03:00:00 -0500,100131,2,1,416.87
2017-01-01 23:00:00 -0500,100132,1,1,452.64
2017-01-01 18:00:00 -0500,100133,3,2,295.23
2017-01-02 21:00:00 -0500,100134,1,1,161.23
2017-01-03 11:00:00 -0500,100135,1,1,102.01
2017-01-02 11:00:00 -0500,100136,5,2,223.98
2017-01-03 00:00:00 -0500,100137,5,3,29.65
2017-01-02 19:00:00 -0500,100138,4,2,484.30
2017-01-02 14:00:00 -0500,100139,5,1,442.29
2017-01-03 02:00:00 -0500,100140,4,3,460.45
2017-01-02 15:00:00 -0500,100141,5,1,174.74
2017-01-02 07:00:00 -0500,100142,4,1,239.65
2017-01-02 07:00:00 -0500,100143,4,2,98.37
2017-01-02 11:00:00 -0500,100144,1,1,118.94
2017-01-01 20:00:00 -0500,100145,1,1,309.94
2017-01-02 04:00:00 -0500,100146,2,1,168.12
2017-01-03 09:00:00 -0500,100147,3,3,405.42
2017-01-02 02:00:00 -0500,100148,1,1,351.73
2017-01-01 20:00:00 -0500,100149,5,3,282.42
2017-01-02 03:00:00 -0500,100150,3,3,268.34
2017-01-02 16:00:00 -0500,100151,3,1,488.41
2017-01-01 21:00:00 -0500,100152,3,3,458.84
2017-01-01 14:00:00 -0500,100153,3,3,197.70
2017-01-03 06:00:00 -0500,100154,3,2,191.09
2017-01-02 14:00:00 -0500,100155,1,1,457.88
2017-01-02 05:00:00 -0500,100156,5,2,476.10
2017-01-01 17:00:00 -0500,100157,1,3,44.56
2017-01-03 02:00:00 -0500,100158,3,3,130.09
2017-01-02 12:00:00 -0500,100159,1,1,354.79
2017-01-03 07:00:00 -0500,100160,4,1,271.94
2017-01-03 01:00:00 -0500,100161,1,1,166.15
2017-01-02 04:00:00 -0500,100162,5,1,159.96
2017-01-01 18:00:00 -0500,100163,2,1,63.38
2017-01-01 22:00:00 -0500,100164,4,2,383.42
2017-01-01 21:00:00 -0500,100165,1,3,419.65
2017-01-02 04:00:00 -0500,100166,2,2,86.90
2017-01-02 15:00:00 -0500,100167,5,3,81.03
2017-01-02 00:00:00 -0500,100168,2,3,163.18
2017-01-01 20:00:00 -0500,100169,1,1,41.47
2017-01-03 02:00:00 -0500,100170,2,2,20.26
2017-01-02 12:00:00 -0500,100171,1,2,125.51
2017-01-03 05:00:00 -0500,100172,4,1,288.03
2017-01-03 13:00:00 -0500,100173,5,2,34.82
2017-01-02 04:00:00 -0500,100174,4,3,474.93
2017-01-03 12:00:00 -0500,100175,1,2,258.63
2017-01-02 04:00:00 -0500,100176,3,3,116.36
2017-01-02 12:00:00 -0500,100177,1,1,32.03
2017-01-03 08:00:00 -0500,100178,1,2,419.39
2017-01-03 02:00:00 -0500,100179,2,1,444.90
2017-01-01 20:00:00 -0500,100180,2,3,422.45
2017-01-03 12:00:00 -0500,100181,4,3,100.88
2017-01-02 12:00:00 -0500,100182,1,3,253.34
2017-01-03 09:00:00 -0500,100183,1,1,142.64
2017-01-01 17:00:00 -0500,100184,4,3,470.76
2017-01-02 21:00:00 -0500,100185,2,3,319.11
2017-01-02 05:00:00 -0500,100186,1,3,255.78
2017-01-02 22:00:00 -0500,100187,4,1,370.61
2017-01-02 12:00:00 -0500,100188,4,2,328.36
2017-01-02 16:00:00 -0500,100189,1,2,367.90
2017-01-01 19:00:00 -0500,100190,1,2,307.48
2017-01-03 10:00:00 -0500,100191,1,1,434.04
2017-01-02 16:00:00 -0500,100192,1,1,143.96
2017-01-03 09:00:00 -0500,100193,3,2,211.11
2017-01-03 06:00:00 -0500,100194,3,2,38.16
2017-01-02 03:00:00 -0500,100195,3,2,195.15
2017-01-03 04:00:00 -0500,100196,1,3,74.24
2017-01-03 14:00:00 -0500,100197,4,3,428.32
2017-01-02 11:00:00 -0500,100198,2,1,317.84
2017-01-03 08:00:00 -0500,100199,5,1,236.00
2017-01-03 09:00:00 -0500,100200,5,3,398.74
2017-01-01 16:00:00 -0500,100201,5,2,77.24
2017-01-02 00:00:00 -0500,100202,5,2,193.02
2017-01-01 21:00:00 -0500,100203,5,1,35.44
2017-01-01 20:00:00 -0500,100204,4,2,206.01
2017-01-03 11:00:00 -0500,100205,3,3,201.34
2017-01-01 21:00:00 -0500,100206,3,3,177.20
2017-01-02 18:00:00 -0500,100207,1,2,453.66
2017-01-01 20:00:00 -0500,100208,3,3,63.77
2017-01-02 11:00:00 -0500,100209,4,2,467.46
2017-01-03 08:00:00 -0500,100210,5,3,305.71
2017-01-03 11:00:00 -0500,100211,2,3,405.35
2017-01-02 21:00:00 -0500,100212,5,2,227.86
2017-01-03 03:00:00 -0500,100213,1,1,178.49
2017-01-01 23:00:00 -0500,100214,2,1,445.89
2017-01-01 22:00:00 -0500,100215,2,2,194.54
2017-01-02 03:00:00 -0500,100216,3,1,33.20
2017-01-01 21:00:00 -0500,100217,1,2,269.34
2017-01-03 14:00:00 -0500,100218,2,1,83.38
2017-01-02 03:00:00 -0500,100219,5,2,469.88
2017-01-03 01:00:00 -0500,100220,2,1,302.65
2017-01-03 08:00:00 -0500,100221,4,3,177.47
2017-01-03 13:00:00 -0500,100222,4,2,64.65
2017-01-01 14:00:00 -0500,100223,1,2,71.53
2017-01-02 20:00:00 -0500,100224,5,3,46.95
2017-01-01 15:00:00 -0500,100225,5,2,492.74
2017-01-03 07:00:00 -0500,100226,3,3,144.00
2017-01-02 11:00:00 -0500,100227,2,3,439.66
2017-01-02 22:00:00 -0500,100228,3,2,310.84
2017-01-03 11:00:00 -0500,100229,5,2,37.92
2017-01-03 09:00:00 -0500,100230,5,3,270.20
2017-01-02 12:00:00 -0500,100231,1,3,244.71
2017-01-03 07:00:00 -0500,100232,5,1,373.78
2017-01-03 14:00:00 -0500,100233,4,1,41.23
2017-01-02 23:00:00 -0500,100234,5,1,229.04
2017-01-01 20:00:00 -0500,100235,4,2,451.30
2017-01-03 04:00:00 -0500,100236,3,1,330.10
2017-01-02 14:00:00 -0500,100237,2,3,127.71
2017-01-03 00:00:00 -0500,100238,5,1,175.21
2017-01-02 01:00:00 -0500,100239,2,1,485.22
2017-01-03 11:00:00 -0500,100240,3,3,203.76
2017-01-03 13:00:00 -0500,100241,4,1,84.35
2017-01-02 10:00:00 -0500,100242,5,2,387.07
2017-01-02 22:00:00 -0500,100243,2,1,161.42
2017-01-02 00:00:00 -0500,100244,5,3,432.45
2017-01-02 09:00:00 -0500,100245,3,3,311.29
2017-01-01 17:00:00 -0500,100246,5,1,240.64
2017-01-02 10:00:00 -0500,100247,2,2,69.05
2017-01-03 14:00:00 -0500,100248,4,1,320.08
2017-01-02 14:00:00 -0500,100249,4,2,111.70
2017-01-03 10:00:00 -0500,100250,3,1,21.72
2017-01-03 10:00:00 -0500,100251,1,1,151.26
2017-01-01 19:00:00 -0500,100252,4,1,274.29
2017-01-02 02:00:00 -0500,100253,1,2,414.25
2017-01-02 16:00:00 -0500,100254,2,3,148.87
2017-01-01 17:00:00 -0500,100255,5,1,223.01
2017-01-01 22:00:00 -0500,100256,4,3,264.90
2017-01-02 22:00:00 -0500,100257,1,3,18.15
2017-01-02 13:00:00 -0500,100258,3,3,216.10
2017-01-03 00:00:00 -0500,100259,1,1,93.27
2017-01-02 07:00:00 -0500,100260,4,1,64.93
2017-01-02 07:00:00 -0500,100261,4,1,305.80
2017-01-02 12:00:00 -0500,100262,5,3,235.83
2017-01-02 18:00:00 -0500,100263,5,3,403.77
2017-01-02 00:00:00 -0500,100264,1,2,237.42
2017-01-03 13:00:00 -0500,100265,2,3,390.50
2017-01-02 02:00:00 -0500,100266,4,2,213.91
2017-01-03 03:00:00 -0500,100267,4,1,163.45
2017-01-02 12:00:00 -0500,100268,2,2,176.69
2017-01-03 08:00:00 -0500,100269,2,1,64.74
2017-01-02 03:00:00 -0500,100270,3,1,220.41
2017-01-01 23:00:00 -0500,100271,3,3,186.85
2017-01-03 01:00:00 -0500,100272,1,2,155.86
2017-01-02 10:00:00 -0500,100273,3,1,251.67
2017-01-02 08:00:00 -0500,100274,1,3,470.88
2017-01-01 21:00:00 -0500,100275,4,1,111.31
2017-01-02 20:00:00 -0500,100276,5,1,34.60
2017-01-03 12:00:00 -0500,100277,3,1,489.08
2017-01-03 03:00:00 -0500,100278,3,1,400.74
2017-01-02 20:00:00 -0500,100279,5,2,232.80
2017-01-01 19:00:00 -0500,100280,5,3,443.08
2017-01-01 14:00:00 -0500,100281,5,2,452.08
2017-01-02 01:00:00 -0500,100282,1,1,359.42
2017-01-02 09:00:00 -0500,100283,4,1,169.44
2017-01-03 02:00:00 -0500,100284,4,1,304.43
2017-01-01 16:00:00 -0500,100285,1,1,318.94
2017-01-02 14:00:00 -0500,100286,1,1,478.91
2017-01-01 14:00:00 -0500,100287,5,3,224.55
2017-01-02 19:00:00 -0500,100288,4,3,308.76
2017-01-02 07:00:00 -0500,100289,4,2,348.39
2017-01-03 09:00:00 -0500,100290,5,3,71.58
2017-01-02 21:00:00 -0500,100291,2,3,140.58
2017-01-03 11:00:00 -0500,100292,3,1,173.94
2017-01-03 11:00:00 -0500,100293,4,3,315.37
2017-01-02 17:00:00 -0500,100294,3,2,338.54
2017-01-02 04:00:00 -0500,100295,3,3,145.37
2017-01-02 03:00:00 -0500,100296,5,3,218.65
2017-01-02 11:00:00 -0500,100297,5,2,267.75
2017-01-02 15:00:00 -0500,100298,4,2,72.96
2017-01-02 02:00:00 -0500,100299,2,1,85.65
2017-01-03 11:00:00 -0500,100300,2,1,377.82
2017-01-01 18:00:00 -0500,100301,3,2,383.89
2017-01-03 11:00:00 -0500,100302,5,3,30.41
2017-01-02 06:00:00 -0500,100303,5,3,399.46
2017-01-02 08:00:00 -0500,100304,1,2,19.45
2017-01-01 14:00:00 -0500,100305,1,3,128.83
2017-01-01 15:00:00 -0500,100306,4,3,370.56
2017-01-02 11:00:00 -0500,100307,3,1,282.36
2017-01-01 23:00:00 -0500,100308,3,3,461.52
2017-01-03 06:00:00 -0500,100309,2,2,275.06
2017-01-03 12:00:00 -0500,100310,4,3,440.72
2017-01-03 14:00:00 -0500,100311,5,1,497.25
2017-01-03 06:00:00 -0500,100312,5,3,163.53
2017-01-01 18:00:00 -0500,100313,1,2,307.68
2017-01-02 09:00:00 -0500,100314,1,1,63.64
2017-01-02 07:00:00 -0500,100315,3,3,354.91
2017-01-03 11:00:00 -0500,100316,3,1,396.45
2017-01-03 05:00:00 -0500,100317,4,1,114.01
2017-01-02 10:00:00 -0500,100318,2,3,331.90
2017-01-02 21:00:00 -0500,100319,5,1,469.62
2017-01-01 21:00:00 -0500,100320,2,3,18.19
2017-01-02 20:00:00 -0500,100321,4,3,380.89
2017-01-01 17:00:00 -0500,100322,5,3,85.02
2017-01-02 05:00:00 -0500,100323,1,1,110.85
2017-01-02 09:00:00 -0500,100324,2,1,357.80
2017-01-02 02:00:00 -0500,100325,5,2,24.07
2017-01-03 07:00:00 -0500,100326,4,2,30.55
2017-01-02 17:00:00 -0500,100327,4,1,338.73
2017-01-03 00:00:00 -0500,100328,5,3,107.39
2017-01-02 01:00:00 -0500,100329,4,1,451.98
2017-01-02 15:00:00 -0500,100330,2,3,472.94
2017-01-01 17:00:00 -0500,100331,5,1,366.38
2017-01-02 23:00:00 -0500,100332,2,2,322.71
2017-01-02 22:00:00 -0500,100333,3,3,229.02
2017-01-03 10:00:00 -0500,100334,4,1,40.32
2017-01-03 01:00:00 -0500,100335,4,1,354.49
2017-01-01 15:00:00 -0500,100336,2,2,16.05
2017-01-02 21:00:00 -0500,100337,1,2,330.64
2017-01-02 08:00:00 -0500,100338,4,3,473.52
2017-01-03 10:00:00 -0500,100339,2,3,217.63
2017-01-02 19:00:00 -0500,100340,1,3,153.56
2017-01-02 11:00:00 -0500,100341,4,1,251.42
2017-01-01 20:00:00 -0500,100342,2,1,275.08
2017-01-02 06:00:00 -0500,100343,1,3,83.55
2017-01-02 04:00:00 -0500,100344,1,3,33.35
2017-01-02 02:00:00 -0500,100345,3,1,484.86
2017-01-03 05:00:00 -0500,100346,3,1,294.36
2017-01-02 10:00:00 -0500,100347,4,2,114.34
2017-01-02 04:00:00 -0500,100348,2,3,499.52
2017-01-03 11:00:00 -0500,100349,2,3,63.17
2017-01-02 20:00:00 -0500,100350,4,2,409.70
2017-01-03 03:00:00 -0500,100351,2,2,111.09
2017-01-02 06:00:00 -0500,100352,1,2,406.09
2017-01-02 00:00:00 -0500,100353,5,1,444.97
2017-01-03 00:00:00 -0500,100354,1,1,274.98
2017-01-01 19:00:00 -0500,100355,3,3,413.38
2017-01-02 04:00:00 -0500,100356,1,3,89.24
2017-01-01 16:00:00 -0500,100357,1,1,110.28
2017-01-02 13:00:00 -0500,100358,2,3,476.81
2017-01-02 03:00:00 -0500,100359,5,2,257.24
2017-01-01 21:00:00 -0500,100360,2,1,478.99
2017-01-02 20:00:00 -0500,100361,2,2,398.02
2017-01-02 22:00:00 -0500,100362,1,3,360.76
2017-01-03 12:00:00 -0500,100363,5,1,338.98
2017-01-02 05:00:00 -0500,100364,2,3,49.80
2017-01-02 11:00:00 -0500,100365,3,1,229.07
2017-01-03 06:00:00 -0500,100366,3,3,270.98
2017-01-02 19:00:00 -0500,100367,4,3,56.15
2017-01-02 16:00:00 -0500,100368,1,2,125.15
2017-01-02 02:00:00 -0500,100369,1,2,482.59
2017-01-02 21:00:00 -0500,100370,2,1,465.96
2017-01-02 01:00:00 -0500,100371,3,1,94.72
2017-01-02 02:00:00 -0500,100372,1,2,481.96
2017-01-02 07:00:00 -0500,100373,3,1,318.92
2017-01-02 00:00:00 -0500,100374,5,1,109.39
2017-01-03 02:00:00 -0500,100375,3,2,329.76
2017-01-02 19:00:00 -0500,100376,4,2,279.72
2017-01-03 06:00:00 -0500,100377,4,3,280.52
2017-01-03 07:00:00 -0500,100378,2,1,224.32
2017-01-03 11:00:00 -0500,100379,1,3,468.30
2017-01-03 00:00:00 -0500,100380,1,2,231.57
2017-01-01 16:00:00 -0500,100381,1,1,135.47
2017-01-01 16:00:00 -0500,100382,5,2,498.89
2017-01-01 20:00:00 -0500,100383,2,1,198.63
2017-01-02 14:00:00 -0500,100384,1,3,108.36
2017-01-03 12:00:00 -0500,100385,5,3,109.98
2017-01-03 08:00:00 -0500,100386,4,1,391.58
2017-01-03 05:00:00 -0500,100387,4,3,281.40
2017-01-02 20:00:00 -0500,100388,4,1,311.76
2017-01-02 05:00:00 -0500,100389,2,1,322.78
2017-01-02 19:00:00 -0500,100390,5,3,169.93
2017-01-01 20:00:00 -0500,100391,5,1,97.00
2017-01-03 08:00:00 -0500,100392,5,2,89.79
2017-01-03 03:00:00 -0500,100393,1,2,178.02
2017-01-01 21:00:00 -0500,100394,1,1,296.06
2017-01-03 13:00:00 -0500,100395,5,2,410.81
2017-01-02 03:00:00 -0500,100396,5,3,497.00
2017-01-01 22:00:00 -0500,100397,5,1,130.61
2017-01-02 21:00:00 -0500,100398,5,2,185.16
2017-01-01 19:00:00 -0500,100399,1,1,496.36
2017-01-02 14:00:00 -0500,100400,3,1,401.74
2017-01-02 17:00:00 -0500,100401,5,1,480.56
2017-01-02 05:00:00 -0500,100402,4,1,294.89
2017-01-01 14:00:00 -0500,100403,1,3,220.12
2017-01-03 08:00:00 -0500,100404,5,1,24.89
2017-01-03 05:00:00 -0500,100405,1,2,144.45
2017-01-03 11:00:00 -0500,100406,4,1,152.17
2017-01-02 09:00:00 -0500,100407,4,2,483.81
2017-01-01 15:00:00 -0500,100408,3,2,433.85
2017-01-01 15:00:00 -0500,100409,4,2,85.70
2017-01-03 09:00:00 -0500,100410,4,3,29.70
2017-01-02 19:00:00 -0500,100411,4,1,251.02
2017-01-02 06:00:00 -0500,100412,2,1,359.85
2017-01-02 09:00:00 -0500,100413,4,1,305.44
2017-01-03 00:00:00 -0500,100414,1,3,157.81
2017-01-03 04:00:00 -0500,100415,3,3,172.24
2017-01-03 03:00:00 -0500,100416,2,1,49.25
2017-01-02 09:00:00 -0500,100417,1,3,204.48
2017-01-03 03:00:00 -0500,100418,4,2,481.38
2017-01-03 09:00:00 -0500,100419,4,1,92.91
2017-01-03 07:00:00 -0500,100420,4,1,250.30
2017-01-02 06:00:00 -0500,100421,3,1,435.70
2017-01-02 03:00:00 -0500,100422,4,3,326.27
2017-01-01 14:00:00 -0500,100423,2,1,96.26
2017-01-02 23:00:00 -0500,100424,1,2,453.22
2017-01-02 07:00:00 -0500,100425,4,3,494.64
2017-01-03 04:00:00 -0500,100426,4,3,48.87
2017-01-01 19:00:00 -0500,100427,2,3,393.01
2017-01-02 21:00:00 -0500,100428,4,2,177.21
2017-01-02 10:00:00 -0500,100429,1,1,106.12
2017-01-02 16:00:00 -0500,100430,5,2,457.61
2017-01-03 07:00:00 -0500,100431,1,3,217.60
2017-01-03 00:00:00 -0500,100432,2,1,296.48
2017-01-01 17:00:00 -0500,100433,2,3,129.10
2017-01-02 15:00:00 -0500,100434,3,1,33.79
2017-01-03 05:00:00 -0500,100435,5,3,470.99
2017-01-02 13:00:00 -0500,100436,4,3,100.26
2017-01-02 18:00:00 -0500,100437,4,3,189.67
2017-01-01 18:00:00 -0500,100438,2,2,477.43
2017-01-03 07:00:00 -0500,100439,5,3,107.20
2017-01-02 19:00:00 -0500,100440,1,3,19.26
2017-01-02 12:00:00 -0500,100441,1,1,361.25
2017-01-02 02:00:00 -0500,100442,5,3,330.19
2017-01-03 10:00:00 -0500,100443,4,2,145.93
2017-01-01 18:00:00 -0500,100444,1,3,167.00
2017-01-02 09:00:00 -0500,100445,4,2,428.74
2017-01-03 04:00:00 -0500,100446,1,2,440.44
2017-01-01 17:00:00 -0500,100447,3,1,404.45
2017-01-03 04:00:00 -0500,100448,4,2,138.11
2017-01-03 01:00:00 -0500,100449,5,2,478.07
2017-01-02 20:00:00 -0500,100450,4,1,434.42
2017-01-03 01:00:00 -0500,100451,3,2,461.40
2017-01-02 07:00:00 -0500,100452,2,1,331.07
2017-01-01 18:00:00 -0500,100453,4,3,492.43
2017-01-03 10:00:00 -0500,100454,3,3,415.56
2017-01-02 04:00:00 -0500,100455,2,1,341.82
2017-01-02 16:00:00 -0500,100456,5,2,376.49
2017-01-03 12:00:00 -0500,100457,1,1,88.47
2017-01-02 23:00:00 -0500,100458,2,3,473.31
2017-01-01 18:00:00 -0500,100459,4,1,370.87
2017-01-03 00:00:00 -0500,100460,5,1,337.49
2017-01-02 07:00:00 -0500,100461,2,2,274.83
2017-01-02 09:00:00 -0500,100462,5,3,52.29
2017-01-03 03:00:00 -0500,100463,3,2,351.30
2017-01-03 06:00:00 -0500,100464,2,1,438.00
2017-01-03 14:00:00 -0500,100465,2,3,36.77
2017-01-01 23:00:00 -0500,100466,4,3,126.52
2017-01-02 07:00:00 -0500,100467,4,2,155.77
2017-01-03 09:00:00 -0500,100468,3,1,32.16
2017-01-02 00:00:00 -0500,100469,1,2,456.44
2017-01-03 13:00:00 -0500,100470,3,3,375.22
2017-01-02 13:00:00 -0500,100471,3,2,257.63
2017-01-03 03:00:00 -0500,100472,5,3,216.57
2017-01-01 20:00:00 -0500,100473,2,1,410.63
2017-01-03 05:00:00 -0500,100474,3,3,442.52
2017-01-02 18:00:00 -0500,100475,2,3,269.55
2017-01-01 15:00:00 -0500,100476,2,3,134.34
2017-01-03 02:00:00 -0500,100477,3,1,56.49
2017-01-03 00:00:00 -0500,100478,2,1,279.35
2017-01-01 23:00:00 -0500,100479,4,3,28.69
2017-01-03 05:00:00 -0500,100480,3,2,298.78
2017-01-02 20:00:00 -0500,100481,2,1,39.93
2017-01-01 18:00:00 -0500,100482,2,3,59.55
2017-01-02 23:00:00 -0500,100483,2,2,52.43
2017-01-02 05:00:00 -0500,100484,1,2,176.55
2017-01-02 21:00:00 -0500,100485,1,2,23.85
2017-01-03 03:00:00 -0500,100486,2,1,203.17
2017-01-03 14:00:00 -0500,100487,2,3,435.77
2017-01-02 13:00:00 -0500,100488,4,1,24.73
2017-01-01 22:00:00 -0500,100489,3,1,287.24
2017-01-01 23:00:00 -0500,100490,2,2,208.95
2017-01-03 11:00:00 -0500,100491,5,3,256.38
2017-01-02 10:00:00 -0500,100492,3,2,426.81
2017-01-03 06:00:00 -0500,100493,1,1,52.48
2017-01-01 23:00:00 -0500,100494,3,3,256.40
2017-01-03 04:00:00 -0500,100495,5,1,435.16
2017-01-01 16:00:00 -0500,100496,1,3,329.39
2017-01-03 08:00:00 -0500,100497,3,3,202.71
2017-01-02 22:00:00 -0500,100498,2,1,490.59
2017-01-03 11:00:00 -0500,100499,5,3,353.36
2017-01-02 17:00:00 -0500,100500,3,2,247.10
2017-01-01 20:00:00 -0500,100501,2,3,474.99
2017-01-03 01:00:00 -0500,100502,3,3,289.18
2017-01-02 16:00:00 -0500,100503,4,2,332.31
2017-01-02 01:00:00 -0500,100504,4,3,489.88
2017-01-02 18:00:00 -0500,100505,5,3,81.63
2017-01-01 14:00:00 -0500,100506,3,3,135.05
2017-01-03 10:00:00 -0500,100507,2,2,412.42
2017-01-02 14:00:00 -0500,100508,5,2,41.92
2017-01-01 22:00:00 -0500,100509,1,2,390.26
2017-01-02 13:00:00 -0500,100510,2,3,422.90
2017-01-01 22:00:00 -0500,100511,4,1,120.83
2017-01-03 08:00:00 -0500,100512,1,3,35.26
2017-01-03 13:00:00 -0500,100513,3,2,307.87
2017-01-02 07:00:00 -0500,100514,1,2,323.70
2017-01-03 02:00:00 -0500,100515,3,2,62.94
2017-01-03 03:00:00 -0500,100516,2,3,58.50
2017-01-01 18:00:00 -0500,100517,2,2,335.21
2017-01-03 00:00:00 -0500,100518,5,2,396.43
2017-01-01 16:00:00 -0500,100519,5,3,150.33
2017-01-03 14:00:00 -0500,100520,5,3,266.12
2017-01-03 13:00:00 -0500,100521,2,3,250.43
2017-01-02 08:00:00 -0500,100522,1,2,320.16
2017-01-03 00:00:00 -0500,100523,3,1,285.65
2017-01-02 10:00:00 -0500,100524,5,3,243.35
2017-01-02 01:00:00 -0500,100525,5,1,29.95
2017-01-03 03:00:00 -0500,100526,4,3,472.56
2017-01-03 08:00:00 -0500,100527,3,1,43.58
2017-01-02 15:00:00 -0500,100528,5,1,452.50
2017-01-03 13:00:00 -0500,100529,3,1,221.76
2017-01-03 08:00:00 -0500,100530,1,1,407.30
2017-01-02 00:00:00 -0500,100531,4,3,207.60
2017-01-03 03:00:00 -0500,100532,3,3,97.14
2017-01-02 22:00:00 -0500,100533,1,2,441.25
2017-01-02 03:00:00 -0500,100534,4,1,149.37
2017-01-03 04:00:00 -0500,100535,1,3,42.09
2017-01-01 14:00:00 -0500,100536,1,2,232.99
2017-01-01 20:00:00 -0500,100537,1,1,199.67
2017-01-02 08:00:00 -0500,100538,4,3,364.44
2017-01-01 18:00:00 -0500,100539,1,1,439.06
2017-01-01 21:00:00 -0500,100540,1,2,499.02
2017-01-02 09:00:00 -0500,100541,2,3,234.23
2017-01-02 17:00:00 -0500,100542,4,1,359.89
2017-01-02 14:00:00 -0500,100543,3,1,403.23
2017-01-02 21:00:00 -0500,100544,2,2,235.53
2017-01-02 20:00:00 -0500,100545,1,1,482.33
2017-01-02 09:00:00 -0500,100546,1,1,496.18
2017-01-02 07:00:00 -0500,100547,1,2,41.10
2017-01-03 07:00:00 -0500,100548,5,2,262.30
2017-01-02 09:00:00 -0500,100549,3,3,241.80
2017-01-03 06:00:00 -0500,100550,2,3,270.72
2017-01-02 14:00:00 -0500,100551,2,3,348.25
2017-01-02 12:00:00 -0500,100552,3,3,349.56
2017-01-01 21:00:00 -0500,100553,3,3,446.68
2017-01-02 10:00:00 -0500,100554,2,3,356.73
2017-01-01 17:00:00 -0500,100555,1,2,156.56
2017-01-02 21:00:00 -0500,100556,2,1,394.98
2017-01-03 09:00:00 -0500,100557,3,3,69.06
2017-01-02 00:00:00 -0500,100558,3,3,344.42
2017-01-02 20:00:00 -0500,100559,4,2,318.61
2017-01-02 13:00:00 -0500,100560,2,3,449.46
2017-01-01 22:00:00 -0500,100561,4,1,478.95
2017-01-02 23:00:00 -0500,100562,1,3,232.68
2017-01-02 04:00:00 -0500,100563,5,1,328.01
2017-01-02 09:00:00 -0500,100564,2,3,83.39
2017-01-02 03:00:00 -0500,100565,1,3,54.36
2017-01-03 02:00:00 -0500,100566,4,2,42.30
2017-01-01 19:00:00 -0500,100567,3,2,164.74
2017-01-01 16:00:00 -0500,100568,2,2,359.86
2017-01-03 13:00:00 -0500,100569,2,1,179.49
2017-01-02 18:00:00 -0500,100570,4,3,493.52
2017-01-02 00:00:00 -0500,100571,1,1,265.45
2017-01-02 02:00:00 -0500,100572,4,3,38.02
2017-01-02 15:00:00 -0500,100573,2,2,250.54
2017-01-01 14:00:00 -0500,100574,2,1,429.57
2017-01-01 22:00:00 -0500,100575,1,3,125.29
2017-01-02 22:00:00 -0500,100576,2,3,198.29
2017-01-02 12:00:00 -0500,100577,3,2,461.50
2017-01-01 22:00:00 -0500,100578,5,3,152.48
2017-01-02 16:00:00 -0500,100579,5,3,367.58
2017-01-03 12:00:00 -0500,100580,3,1,226.34
2017-01-03 05:00:00 -0500,100581,2,1,427.66
2017-01-02 00:00:00 -0500,100582,1,2,257.94
2017-01-01 17:00:00 -0500,100583,4,2,72.34
2017-01-02 20:00:00 -0500,100584,1,1,320.52
2017-01-03 06:00:00 -0500,100585,4,3,82.57
2017-01-03 06:00:00 -0500,100586,1,3,275.79
2017-01-02 09:00:00 -0500,100587,5,1,421.63
2017-01-02 12:00:00 -0500,100588,3,1,413.45
2017-01-02 00:00:00 -0500,100589,2,3,237.51
2017-01-03 11:00:00 -0500,100590,3,1,131.37
2017-01-02 21:00:00 -0500,100591,3,3,42.16
2017-01-01 17:00:00 -0500,100592,4,1,243.79
2017-01-03 14:00:00 -0500,100593,5,1,90.71
2017-01-02 17:00:00 -0500,100594,1,1,52.87
2017-01-01 14:00:00 -0500,100595,4,1,468.19
2017-01-03 10:00:00 -0500,100596,5,1,230.55
2017-01-02 13:00:00 -0500,100597,1,3,176.24
2017-01-02 12:00:00 -0500,100598,4,1,217.38
2017-01-03 14:00:00 -0500,100599,4,1,284.88
2017-01-02 04:00:00 -0500,100600,3,2,238.38
2017-01-02 20:00:00 -0500,100601,2,3,244.46
2017-01-03 08:00:00 -0500,100602,4,1,163.12
2017-01-03 07:00:00 -0500,100603,1,2,209.91
2017-01-02 03:00:00 -0500,100604,2,2,301.45
2017-01-02 14:00:00 -0500,100605,2,2,293.10
2017-01-01 19:00:00 -0500,100606,5,3,293.83
2017-01-03 06:00:00 -0500,100607,4,1,38.41
2017-01-03 13:00:00 -0500,100608,4,1,92.66
2017-01-01 19:00:00 -0500,100609,2,1,498.98
2017-01-02 03:00:00 -0500,100610,3,3,94.36
2017-01-02 20:00:00 -0500,100611,2,3,148.54
2017-01-02 03:00:00 -0500,100612,5,2,346.53
2017-01-02 06:00:00 -0500,100613,1,2,303.90
2017-01-03 02:00:00 -0500,100614,2,3,431.07
2017-01-01 23:00:00 -0500,100615,1,3,97.15
2017-01-02 11:00:00 -0500,100616,2,1,45.92
2017-01-02 03:00:00 -0500,100617,4,2,378.47
2017-01-02 19:00:00 -0500,100618,3,3,29.28
2017-01-03 14:00:00 -0500,100619,2,2,388.24
2017-01-01 21:00:00 -0500,100620,5,3,362.08
2017-01-01 21:00:00 -0500,100621,1,3,183.64
2017-01-01 19:00:00 -0500,100622,1,2,90.10
2017-01-02 14:00:00 -0500,100623,5,3,431.77
2017-01-02 04:00:00 -0500,100624,3,3,348.64
2017-01-03 06:00:00 -0500,100625,1,1,196.56
2017-01-02 00:00:00 -0500,100626,2,3,137.13
2017-01-02 20:00:00 -0500,100627,3,2,363.79
2017-01-03 05:00:00 -0500,100628,4,3,223.78
2017-01-01 23:00:00 -0500,100629,3,1,314.23
2017-01-01 22:00:00 -0500,100630,1,2,118.33
2017-01-01 21:00:00 -0500,100631,1,3,169.83
2017-01-02 02:00:00 -0500,100632,3,2,351.77
2017-01-03 08:00:00 -0500,100633,4,2,186.78
2017-01-03 07:00:00 -0500,100634,2,2,76.17
2017-01-02 02:00:00 -0500,100635,3,2,441.21
2017-01-03 06:00:00 -0500,100636,5,1,344.50
2017-01-03 03:00:00 -0500,100637,1,1,252.81
2017-01-02 18:00:00 -0500,100638,3,1,467.68
2017-01-02 15:00:00 -0500,100639,2,3,137.36
2017-01-03 11:00:00 -0500,100640,1,2,480.88
2017-01-03 09:00:00 -0500,100641,3,3,302.55
2017-01-01 16:00:00 -0500,100642,2,3,493.58
2017-01-02 01:00:00 -0500,100643,2,2,162.89
2017-01-03 05:00:00 -0500,100644,4,3,238.43
2017-01-01 18:00:00 -0500,100645,2,2,434.83
2017-01-02 05:00:00 -0500,100646,1,2,356.69
2017-01-02 20:00:00 -0500,100647,2,3,357.66
2017-01-02 11:00:00 -0500,100648,1,1,49.83
2017-01-02 17:00:00 -0500,100649,2,2,87.62
2017-01-01 20:00:00 -0500,100650,4,1,276.76
2017-01-02 02:00:00 -0500,100651,4,1,86.98
2017-01-01 17:00:00 -0500,100652,3,2,426.84
2017-01-01 17:00:00 -0500,100653,3,3,262.87
2017-01-02 12:00:00 -0500,100654,5,3,52.92
2017-01-03 00:00:00 -0500,100655,3,1,322.33
2017-01-02 22:00:00 -0500,100656,5,2,67.86
2017-01-02 10:00:00 -0500,100657,4,3,108.05
2017-01-01 22:00:00 -0500,100658,5,1,190.05
2017-01-01 21:00:00 -0500,100659,2,2,375.11
2017-01-03 10:00:00 -0500,100660,5,3,168.01
2017-01-02 06:00:00 -0500,100661,3,2,288.70
2017-01-02 21:00:00 -0500,100662,2,2,61.11
2017-01-02 17:00:00 -0500,100663,1,3,191.23
2017-01-02 00:00:00 -0500,100664,5,3,357.52
2017-01-01 15:00:00 -0500,100665,1,2,435.29
2017-01-02 22:00:00 -0500,100666,5,1,373.16
2017-01-03 05:00:00 -0500,100667,2,1,182.26
2017-01-02 13:00:00 -0500,100668,4,1,103.32
2017-01-02 04:00:00 -0500,100669,2,3,440.16
2017-01-02 10:00:00 -0500,100670,3,3,188.40
2017-01-03 03:00:00 -0500,100671,5,3,390.44
2017-01-03 07:00:00 -0500,100672,5,2,216.84
2017-01-02 03:00:00 -0500,100673,1,3,78.54
2017-01-03 13:00:00 -0500,100674,1,1,298.30
2017-01-03 14:00:00 -0500,100675,1,2,193.11
2017-01-02 19:00:00 -0500,100676,3,3,435.57
2017-01-02 09:00:00 -0500,100677,1,2,340.78
2017-01-02 05:00:00 -0500,100678,3,3,248.38
2017-01-01 21:00:00 -0500,100679,5,2,84.14
2017-01-03 06:00:00 -0500,100680,3,2,281.21
2017-01-03 01:00:00 -0500,100681,1,2,131.02
2017-01-02 17:00:00 -0500,100682,5,2,431.83
2017-01-03 11:00:00 -0500,100683,2,3,55.99
2017-01-02 21:00:00 -0500,100684,2,3,280.18
2017-01-02 05:00:00 -0500,100685,5,2,197.78
2017-01-02 00:00:00 -0500,100686,5,3,195.59
2017-01-01 16:00:00 -0500,100687,2,1,58.14
2017-01-01 17:00:00 -0500,100688,1,2,146.45
2017-01-03 11:00:00 -0500,100689,3,3,173.00
2017-01-02 20:00:00 -0500,100690,4,2,39.16
2017-01-02 03:00:00 -0500,100691,5,3,37.03
2017-01-03 12:00:00 -0500,100692,5,3,26.85
2017-01-02 05:00:00 -0500,100693,5,1,351.57
2017-01-02 20:00:00 -0500,100694,3,3,157.70
2017-01-01 22:00:00 -0500,100695,5,3,392.81
2017-01-03 05:00:00 -0500,100696,5,3,323.18
2017-01-01 14:00:00 -0500,100697,5,2,479.37
2017-01-02 18:00:00 -0500,100698,2,1,214.14
2017-01-02 13:00:00 -0500,100699,3,1,54.94
2017-01-02 17:00:00 -0500,100700,4,3,116.80
2017-01-02 16:00:00 -0500,100701,4,1,493.63
2017-01-01 19:00:00 -0500,100702,3,1,491.40
2017-01-01 17:00:00 -0500,100703,3,2,50.54
2017-01-01 21:00:00 -0500,100704,1,2,371.49
2017-01-02 14:00:00 -0500,100705,5,3,135.25
2017-01-01 23:00:00 -0500,100706,3,1,221.31
2017-01-03 04:00:00 -0500,100707,3,3,327.08
2017-01-01 15:00:00 -0500,100708,2,2,294.85
2017-01-01 16:00:00 -0500,100709,4,1,473.29
2017-01-03 03:00:00 -0500,100710,1,3,356.12
2017-01-03 08:00:00 -0500,100711,2,2,312.94
2017-01-03 10:00:00 -0500,100712,5,3,387.85
2017-01-02 18:00:00 -0500,100713,3,1,316.89
2017-01-02 00:00:00 -0500,100714,4,1,260.75
2017-01-02 06:00:00 -0500,100715,4,2,216.61
2017-01-03 14:00:00 -0500,100716,5,1,439.05
2017-01-02 15:00:00 -0500,100717,2,2,490.43
2017-01-03 06:00:00 -0500,100718,4,1,330.26
2017-01-02 08:00:00 -0500,100719,3,2,298.35
2017-01-02 01:00:00 -0500,100720,3,3,272.96
2017-01-03 14:00:00 -0500,100721,2,3,345.57
2017-01-02 13:00:00 -0500,100722,4,2,372.32
2017-01-01 15:00:00 -0500,100723,5,2,61.62
2017-01-02 08:00:00 -0500,100724,2,2,357.24
2017-01-03 14:00:00 -0500,100725,2,1,269.27
2017-01-02 20:00:00 -0500,100726,5,3,144.47
2017-01-02 10:00:00 -0500,100727,4,1,451.60
2017-01-03 08:00:00 -0500,100728,3,3,266.23
2017-01-02 01:00:00 -0500,100729,4,3,295.08
2017-01-02 02:00:00 -0500,100730,3,1,271.29
2017-01-02 04:00:00 -0500,100731,3,3,58.03
2017-01-03 11:00:00 -0500,100732,5,3,216.19
2017-01-02 18:00:00 -0500,100733,1,3,118.78
2017-01-03 06:00:00 -0500,100734,5,1,473.53
2017-01-01 19:00:00 -0500,100735,2,1,471.44
2017-01-03 03:00:00 -0500,100736,4,1,485.65
2017-01-03 12:00:00 -0500,100737,4,3,437.30
2017-01-02 05:00:00 -0500,100738,5,3,307.21
2017-01-02 19:00:00 -0500,100739,1,2,223.41
2017-01-03 03:00:00 -0500,100740,3,3,302.77
2017-01-01 19:00:00 -0500,100741,5,1,234.43
2017-01-01 14:00:00 -0500,100742,1,2,424.00
2017-01-03 14:00:00 -0500,100743,3,3,472.06
2017-01-02 22:00:00 -0500,100744,5,1,56.24
2017-01-01 19:00:00 -0500,100745,3,2,52.42
2017-01-02 16:00:00 -0500,100746,1,3,37.99
2017-01-03 10:00:00 -0500,100747,3,1,123.40
2017-01-02 03:00:00 -0500,100748,4,2,414.01
2017-01-02 06:00:00 -0500,100749,5,2,118.90
2017-01-02 19:00:00 -0500,100750,2,3,351.34
2017-01-02 23:00:00 -0500,100751,4,3,307.74
2017-01-01 21:00:00 -0500,100752,3,2,328.53
2017-01-01 15:00:00 -0500,100753,2,2,59.07
2017-01-01 20:00:00 -0500,100754,1,3,433.76
2017-01-02 21:00:00 -0500,100755,1,2,103.83
2017-01-01 21:00:00 -0500,100756,4,2,131.58
2017-01-03 05:00:00 -0500,100757,4,2,422.49
2017-01-03 13:00:00 -0500,100758,5,1,354.76
2017-01-02 21:00:00 -0500,100759,2,3,470.25
2017-01-02 02:00:00 -0500,100760,5,3,398.79
2017-01-01 19:00:00 -0500,100761,1,3,259.45
2017-01-02 18:00:00 -0500,100762,2,1,414.69
2017-01-02 06:00:00 -0500,100763,2,3,216.36
2017-01-01 18:00:00 -0500,100764,4,1,304.53
2017-01-03 11:00:00 -0500,100765,5,1,209.12
2017-01-02 22:00:00 -0500,100766,2,1,86.94
2017-01-02 11:00:00 -0500,100767,3,2,433.74
2017-01-03 13:00:00 -0500,100768,5,1,462.83
2017-01-03 03:00:00 -0500,100769,5,1,187.72
2017-01-02 03:00:00 -0500,100770,2,3,35.14
2017-01-02 15:00:00 -0500,100771,3,3,193.80
2017-01-03 03:00:00 -0500,100772,1,1,463.45
2017-01-03 10:00:00 -0500,100773,1,1,252.66
2017-01-02 10:00:00 -0500,100774,5,3,283.48
2017-01-03 06:00:00 -0500,100775,2,1,285.74
2017-01-02 12:00:00 -0500,100776,5,1,140.44
2017-01-01 17:00:00 -0500,100777,5,1,43.09
2017-01-03 06:00:00 -0500,100778,4,1,440.41
2017-01-01 14:00:00 -0500,100779,2,3,184.82
2017-01-03 08:00:00 -0500,100780,5,1,44.52
2017-01-02 12:00:00 -0500,100781,1,2,385.80
2017-01-01 23:00:00 -0500,100782,3,1,284.55
2017-01-01 23:00:00 -0500,100783,5,1,401.73
2017-01-02 01:00:00 -0500,100784,3,2,406.47
2017-01-01 16:00:00 -0500,100785,4,3,189.93
2017-01-02 09:00:00 -0500,100786,1,2,311.71
2017-01-02 18:00:00 -0500,100787,5,3,420.23
2017-01-01 17:00:00 -0500,100788,1,2,295.46
2017-01-02 13:00:00 -0500,100789,4,1,494.76
2017-01-03 04:00:00 -0500,100790,4,1,481.91
2017-01-02 10:00:00 -0500,100791,5,2,16.34
2017-01-02 04:00:00 -0500,100792,5,2,200.21
2017-01-01 22:00:00 -0500,100793,1,1,21.76
2017-01-01 19:00:00 -0500,100794,1,3,288.03
2017-01-02 17:00:00 -0500,100795,4,1,60.85
2017-01-03 13:00:00 -0500,100796,4,2,434.29
2017-01-03 05:00:00 -0500,100797,3,2,105.28
2017-01-02 13:00:00 -0500,100798,1,2,154.87
2017-01-01 15:00:00 -0500,100799,4,3,91.25
2017-01-02 08:00:00 -0500,100800,3,2,132.16
2017-01-01 14:00:00 -0500,100801,3,1,31.09
2017-01-03 07:00:00 -0500,100802,3,3,124.50
2017-01-03 02:00:00 -0500,100803,3,1,95.22
2017-01-02 01:00:00 -0500,100804,1,1,374.59
2017-01-02 03:00:00 -0500,100805,2,2,376.96
2017-01-01 17:00:00 -0500,100806,1,2,317.56
2017-01-03 11:00:00 -0500,100807,3,3,201.74
2017-01-02 20:00:00 -0500,100808,3,1,427.67
2017-01-02 09:00:00 -0500,100809,4,1,235.52
2017-01-02 10:00:00 -0500,100810,3,1,293.81
2017-01-03 09:00:00 -0500,100811,4,2,127.61
2017-01-03 07:00:00 -0500,100812,2,1,47.57
2017-01-03 01:00:00 -0500,100813,1,3,377.06
2017-01-02 13:00:00 -0500,100814,1,2,70.93
2017-01-01 21:00:00 -0500,100815,3,3,91.88
2017-01-01 18:00:00 -0500,100816,4,3,136.78
2017-01-01 15:00:00 -0500,100817,1,3,66.34
2017-01-02 15:00:00 -0500,100818,2,3,114.40
2017-01-03 02:00:00 -0500,100819,3,1,57.28
2017-01-02 15:00:00 -0500,100820,3,3,489.59
2017-01-02 22:00:00 -0500,100821,3,2,131.89
2017-01-03 11:00:00 -0500,100822,2,2,453.95
2017-01-02 20:00:00 -0500,100823,1,2,404.54
2017-01-01 15:00:00 -0500,100824,2,3,62.92
2017-01-03 10:00:00 -0500,100825,4,1,341.65
2017-01-03 12:00:00 -0500,100826,4,3,303.58
2017-01-01 14:00:00 -0500,100827,2,1,429.23
2017-01-02 21:00:00 -0500,100828,2,3,36.02
2017-01-02 06:00:00 -0500,100829,2,1,182.23
2017-01-02 13:00:00 -0500,100830,1,3,260.78
2017-01-02 13:00:00 -0500,100831,1,3,458.17
2017-01-02 03:00:00 -0500,100832,5,1,114.92
2017-01-01 17:00:00 -0500,100833,5,1,265.04
2017-01-02 13:00:00 -0500,100834,2,2,322.43
2017-01-01 22:00:00 -0500,100835,3,3,212.11
2017-01-03 05:00:00 -0500,100836,1,3,83.22
2017-01-03 12:00:00 -0500,100837,3,2,154.40
2017-01-03 08:00:00 -0500,100838,3,3,286.67
2017-01-02 16:00:00 -0500,100839,4,3,415.72
2017-01-03 14:00:00 -0500,100840,2,3,417.21
2017-01-02 18:00:00 -0500,100841,4,1,244.38
2017-01-03 05:00:00 -0500,100842,2,3,122.81
2017-01-02 06:00:00 -0500,100843,1,3,262.63
2017-01-02 10:00:00 -0500,100844,2,3,373.77
2017-01-02 11:00:00 -0500,100845,3,1,385.80
2017-01-02 14:00:00 -0500,100846,2,1,67.73
2017-01-01 14:00:00 -0500,100847,2,3,58.30
2017-01-02 23:00:00 -0500,100848,4,1,488.89
2017-01-02 15:00:00 -0500,100849,5,2,365.79
2017-01-02 06:00:00 -0500,100850,5,3,430.84
2017-01-03 10:00:00 -0500,100851,4,1,169.27
2017-01-03 11:00:00 -0500,100852,5,3,361.90
2017-01-02 09:00:00 -0500,100853,4,3,317.84
2017-01-02 23:00:00 -0500,100854,5,1,141.80
2017-01-03 06:00:00 -0500,100855,3,1,414.37
2017-01-02 20:00:00 -0500,100856,1,2,173.55
2017-01-01 18:00:00 -0500,100857,3,2,313.21
2017-01-01 15:00:00 -0500,100858,4,1,141.92
2017-01-03 10:00:00 -0500,100859,2,3,252.17
2017-01-02 02:00:00 -0500,100860,2,3,355.29
2017-01-03 02:00:00 -0500,100861,1,3,17.23
2017-01-03 13:00:00 -0500,100862,4,3,177.88
2017-01-03 13:00:00 -0500,100863,2,1,440.61
2017-01-01 15:00:00 -0500,100864,2,1,315.72
2017-01-02 06:00:00 -0500,100865,2,2,265.54
2017-01-03 00:00:00 -0500,100866,4,3,153.52
2017-01-03 08:00:00 -0500,100867,3,3,124.90
2017-01-02 02:00:00 -0500,100868,5,3,410.11
2017-01-02 08:00:00 -0500,100869,5,3,479.77
2017-01-01 19:00:00 -0500,100870,4,2,191.88
2017-01-02 01:00:00 -0500,100871,1,2,78.02
2017-01-02 05:00:00 -0500,100872,3,1,479.47
2017-01-02 10:00:00 -0500,100873,4,2,423.13
2017-01-01 22:00:00 -0500,100874,2,3,135.09
2017-01-03 10:00:00 -0500,100875,2,2,334.03
2017-01-02 14:00:00 -0500,100876,3,2,175.56
2017-01-01 17:00:00 -0500,100877,1,1,38.60
2017-01-02 22:00:00 -0500,100878,3,1,262.49
2017-01-02 16:00:00 -0500,100879,4,3,87.00
2017-01-01 19:00:00 -0500,100880,2,3,118.15
2017-01-03 09:00:00 -0500,100881,2,2,226.41
2017-01-03 10:00:00 -0500,100882,5,1,480.76
2017-01-01 22:00:00 -0500,100883,2,3,78.16
2017-01-01 20:00:00 -0500,100884,5,2,48.15
2017-01-01 19:00:00 -0500,100885,5,2,182.75
2017-01-03 06:00:00 -0500,100886,3,1,383.50
2017-01-02 13:00:00 -0500,100887,4,2,92.24
2017-01-02 07:00:00 -0500,100888,1,3,372.97
2017-01-01 16:00:00 -0500,100889,4,1,228.53
2017-01-03 14:00:00 -0500,100890,1,3,324.14
2017-01-02 04:00:00 -0500,100891,1,3,150.42
2017-01-01 16:00:00 -0500,100892,4,2,443.84
2017-01-02 03:00:00 -0500,100893,1,3,344.28
2017-01-02 21:00:00 -0500,100894,4,2,273.29
2017-01-03 11:00:00 -0500,100895,4,3,111.46
2017-01-03 05:00:00 -0500,100896,3,1,407.40
2017-01-02 01:00:00 -0500,100897,3,2,276.47
2017-01-02 06:00:00 -0500,100898,5,1,157.85
2017-01-02 17:00:00 -0500,100899,2,2,105.83
2017-01-01 19:00:00 -0500,100900,2,2,262.13
2017-01-02 10:00:00 -0500,100901,3,1,248.48
2017-01-01 15:00:00 -0500,100902,4,3,322.02
2017-01-02 19:00:00 -0500,100903,5,3,213.25
2017-01-02 15:00:00 -0500,100904,5,1,365.81
2017-01-01 20:00:00 -0500,100905,4,1,307.07
2017-01-02 07:00:00 -0500,100906,2,1,206.90
2017-01-02 04:00:00 -0500,100907,4,1,343.00
2017-01-02 08:00:00 -0500,100908,5,2,394.37
2017-01-01 20:00:00 -0500,100909,5,2,216.81
2017-01-03 08:00:00 -0500,100910,3,1,137.15
2017-01-02 05:00:00 -0500,100911,1,2,179.79
2017-01-02 07:00:00 -0500,100912,5,2,233.91
2017-01-02 14:00:00 -0500,100913,1,2,204.55
2017-01-01 22:00:00 -0500,100914,4,2,382.45
2017-01-02 17:00:00 -0500,100915,3,3,101.04
2017-01-02 22:00:00 -0500,100916,2,3,169.65
2017-01-02 10:00:00 -0500,100917,5,2,59.94
2017-01-01 14:00:00 -0500,100918,4,1,257.85
2017-01-02 06:00:00 -0500,100919,3,2,466.02
2017-01-01 17:00:00 -0500,100920,5,1,340.39
2017-01-02 01:00:00 -0500,100921,1,3,367.13
2017-01-01 23:00:00 -0500,100922,4,3,212.37
2017-01-01 21:00:00 -0500,100923,5,2,44.77
2017-01-01 18:00:00 -0500,100924,5,2,413.91
2017-01-02 00:00:00 -0500,100925,2,1,137.93
2017-01-02 07:00:00 -0500,100926,5,3,306.03
2017-01-01 23:00:00 -0500,100927,5,3,259.38
2017-01-02 12:00:00 -0500,100928,3,2,338.60
2017-01-02 20:00:00 -0500,100929,1,2,289.87
2017-01-03 03:00:00 -0500,100930,3,1,67.69
2017-01-02 05:00:00 -0500,100931,4,3,190.89
2017-01-02 14:00:00 -0500,100932,2,1,17.69
2017-01-03 11:00:00 -0500,100933,3,1,219.49
2017-01-02 05:00:00 -0500,100934,5,3,55.59
2017-01-02 13:00:00 -0500,100935,2,2,491.31
2017-01-03 01:00:00 -0500,100936,4,3,483.42
2017-01-02 15:00:00 -0500,100937,5,1,205.90
2017-01-01 21:00:00 -0500,100938,3,3,318.42
2017-01-03 06:00:00 -0500,100939,5,2,286.34
2017-01-03 06:00:00 -0500,100940,4,2,208.07
2017-01-02 15:00:00 -0500,100941,1,3,419.42
2017-01-02 12:00:00 -0500,100942,5,2,144.63
2017-01-02 18:00:00 -0500,100943,3,3,339.68
2017-01-02 03:00:00 -0500,100944,2,3,417.14
2017-01-02 01:00:00 -0500,100945,1,2,420.62
2017-01-03 09:00:00 -0500,100946,3,1,435.74
2017-01-03 11:00:00 -0500,100947,1,2,479.00
2017-01-03 07:00:00 -0500,100948,1,1,227.49
2017-01-01 15:00:00 -0500,100949,5,3,476.81
2017-01-02 09:00:00 -0500,100950,1,3,417.62
2017-01-03 12:00:00 -0500,100951,4,2,333.01
2017-01-01 19:00:00 -0500,100952,5,2,18.94
2017-01-02 23:00:00 -0500,100953,3,3,174.69
2017-01-03 07:00:00 -0500,100954,4,1,78.29
2017-01-02 04:00:00 -0500,100955,5,1,272.87
2017-01-02 09:00:00 -0500,100956,1,2,335.97
2017-01-03 13:00:00 -0500,100957,3,2,102.20
2017-01-03 00:00:00 -0500,100958,3,1,127.81
2017-01-02 18:00:00 -0500,100959,3,1,72.77
2017-01-02 19:00:00 -0500,100960,4,3,393.93
2017-01-03 01:00:00 -0500,100961,4,3,73.94
2017-01-02 02:00:00 -0500,100962,2,3,303.76
2017-01-02 12:00:00 -0500,100963,5,1,39.75
2017-01-02 06:00:00 -0500,100964,1,1,140.45
2017-01-02 07:00:00 -0500,100965,1,2,400.06
2017-01-01 21:00:00 -0500,100966,5,2,421.08
2017-01-02 07:00:00 -0500,100967,3,3,96.46
2017-01-03 04:00:00 -0500,100968,1,2,47.73
2017-01-02 11:00:00 -0500,100969,5,3,443.06
2017-01-02 07:00:00 -0500,100970,3,3,45.24
2017-01-01 19:00:00 -0500,100971,4,3,317.43
2017-01-03 11:00:00 -0500,100972,5,2,225.85
2017-01-01 18:00:00 -0500,100973,4,3,80.74
2017-01-02 10:00:00 -0500,100974,3,2,404.37
2017-01-03 06:00:00 -0500,100975,4,2,313.99
2017-01-01 15:00:00 -0500,100976,1,1,412.93
2017-01-02 17:00:00 -0500,100977,4,1,184.50
2017-01-01 15:00:00 -0500,100978,1,3,398.52
2017-01-02 16:00:00 -0500,100979,2,1,445.91
2017-01-02 04:00:00 -0500,100980,5,1,214.73
2017-01-01 20:00:00 -0500,100981,5,1,380.23
2017-01-02 07:00:00 -0500,100982,1,2,486.30
2017-01-02 15:00:00 -0500,100983,5,1,212.61
2017-01-02 14:00:00 -0500,100984,3,3,225.44
2017-01-03 14:00:00 -0500,100985,5,2,122.11
2017-01-02 21:00:00 -0500,100986,4,2,219.99
2017-01-01 18:00:00 -0500,100987,4,1,63.09
2017-01-03 06:00:00 -0500,100988,1,1,307.49
2017-01-02 07:00:00 -0500,100989,5,1,424.13
2017-01-03 05:00:00 -0500,100990,5,3,151.19
2017-01-02 07:00:00 -0500,100991,5,1,285.10
2017-01-03 05:00:00 -0500,100992,2,1,353.11
2017-01-02 17:00:00 -0500,100993,4,3,454.58
2017-01-02 07:00:00 -0500,100994,3,1,97.47
2017-01-01 23:00:00 -0500,100995,4,2,180.97
2017-01-02 14:00:00 -0500,100996,2,2,197.90
2017-01-03 12:00:00 -0500,100997,5,3,229.12
2017-01-03 13:00:00 -0500,100998,2,1,488.28
2017-01-03 13:00:00 -0500,100999,4,1,325.73
